word,score
roate,2254.5753779697625
raise,2253.9991360691147
raile,2253.6691144708425
soare,2252.698920086393
arise,2251.2742980561557
orate,2251.1092872570193
arose,2248.9788336933048
stare,2243.7053995680344
slate,2243.4272138228944
saine,2242.4077753779698
