word,score
48-32=16,17691.88997348079
48-36=12,17691.743271455172
43-25=18,17691.166619646785
43-27=16,17690.901314675844
52-34=18,17689.953845285785
